{"train_loss": [1.0248357076505616, 0.9695573731767348, 0.9853256033756228, 1.0055632575262836, 0.8941746842050097, 0.8706460933290116, 0.9377841701871343, 0.8736658541047043, 0.7882909865856054, 0.8153632962969453, 0.741534997712318, 0.7178899829097225, 0.7297451724018311, 0.5984536348259336, 0.584342343668466, 0.6189444470673632, 0.5728878557479847, 0.6157123666297637, 0.5310693844592336, 0.4823259914038237, 0.6026942031519601, 0.4945935379168497, 0.4857293514108668, 0.3875861201010919, 0.4080749814207997, 0.41731083536784624, 0.33068561524653184, 0.3834907832702248, 0.31114453609229503, 0.30306237133386554, 0.26403231644735375, 0.36320214451956456, 0.24638396229251508, 0.17064386531691084, 0.24112724560515947], "train_acc": [0.2755831270005795, 0.3232949189589186, 0.2990418916400515, 0.33078922019850193, 0.38040781295267656, 0.41035756689402586, 0.41813324797674056, 0.43151056376399993, 0.4469191025588024, 0.4424883837220632, 0.4767795864203411, 0.501081342227863, 0.5505542092302605, 0.555401777556075, 0.5323862557162747, 0.5932463852702488, 0.5981807073328501, 0.6114615599938809, 0.6563511728356408, 0.6838552845675661, 0.7009785435587946, 0.6846862377708413, 0.7144039877770932, 0.7463311509810124, 0.7783344319542118, 0.7683576917136823, 0.7933456439961354, 0.7940497711081147, 0.8113699851654453, 0.8706622811537662, 0.9006542123361223, 0.8912068563919227, 0.9318353638401933, 0.9381150734421292, 0.9370976049078975], "val_loss": [1.1361395605508415, 1.230274244881891, 1.049358572559593, 1.1858761302872831, 0.743907842532202, 1.064543191613993, 0.9675282362355818, 0.9053933826004721, 0.9209407835359031, 0.6894784026575578, 0.84273869356919, 0.8768877277394099, 0.9654364632976811, 0.7422906252314587, 0.6897388750047989, 0.6968831191709581, 0.8150696235349133, 0.7328751109659684, 0.6234945678585901, 0.7042679197819238, 0.6391195196406864, 0.7027468519944653, 0.5121476317887353, 0.5260573147519879, 0.496083302333843, 0.36541321106914104, 0.5228473218241046, 0.5008114095709301, 0.4566878162524814, 0.4141883454860147, 0.2775805728537821, 0.35852370301758174, 0.34778737187673475, 0.2833016848425439, 0.3288714288333991], "val_acc": [0.26212152570443614, 0.3257032240951394, 0.2934726285026022, 0.3150794528981535, 0.3242372107623091, 0.2880250988351464, 0.36391046608946465, 0.3856304357099955, 0.4768384398451468, 0.4162879945859781, 0.45022289085824363, 0.45925276455590147, 0.4443514235772963, 0.5328140962001564, 0.5402050498041325, 0.5604956642936442, 0.5286007292973343, 0.6170838293280829, 0.552062115175055, 0.6308410069316551, 0.69806660995077, 0.6217544984813734, 0.6535993034060343, 0.6926954233055703, 0.6937192597882786, 0.6814212735386042, 0.7481157127735925, 0.7323073591764521, 0.7965018905661141, 0.772829037678868, 0.865027443915232, 0.8131494600534422, 0.8451028603961825, 0.8972878694622666, 0.8540740705069813], "epochs": [1, 2, 3, 4, 5, 6, 7, 8, 9, 10, 11, 12, 13, 14, 15, 16, 17, 18, 19, 20, 21, 22, 23, 24, 25, 26, 27, 28, 29, 30, 31, 32, 33, 34, 35]}