{"train_loss": [2.536199932200087], "train_acc": [0.1793331330729949], "val_loss": [2.2414437842970134], "val_acc": [0.2773109243697479], "epochs": [1]}