{"train_loss": [1.0248357076505616, 0.9767602543291959, 0.9997313656805449, 1.0271719009836666, 0.9229862088148536, 0.9066604990913165, 0.9810014571019001, 0.9240860221719311, 0.8459140358052932, 0.8801892266690942, 0.813563809236928, 0.7971216755867933, 0.8161797462313629, 0.6920910898079264, 0.6851826798029197, 0.7269876643542779, 0.6881339541873605, 0.7381613462216005, 0.6607212452035314, 0.6191807333005823, 0.7467518262011797, 0.6458540421185304, 0.6441927367650083, 0.5532523866076945, 0.5809441290798633, 0.5973828641793708, 0.5179605252105175, 0.5779685743866713, 0.5128252083612026, 0.5119459247552341, 0.4801187510211831, 0.586491460245855, 0.4768761591712665, 0.4083389433481233, 0.48602520478883293, 0.3675292460728774, 0.4226880777094214, 0.29793486115295, 0.3131825342897722, 0.37310836791590507, 0.38386210450997454, 0.3391806589574577, 0.30850330016630223, 0.28290399889400486, 0.20770655354285306, 0.22931391202924412, 0.2259476532887452, 0.2855091725354355, 0.2335074450906679, 0.11184799223186331], "train_acc": [0.3064816793878959, 0.30556366051412265, 0.31299217223877873, 0.35202944414416426, 0.3736812149397149, 0.3849521329945688, 0.3628074862702411, 0.38667289534011856, 0.4127477176076631, 0.438898657644488, 0.423069576467584, 0.4422051878136624, 0.43705697398926713, 0.4485248471102233, 0.5019648021621697, 0.5261043924081511, 0.5108046955275769, 0.5455808620394731, 0.5460082307050342, 0.5391384212344281, 0.5725340345591478, 0.6093321599007478, 0.5911202139116785, 0.6363949139326066, 0.5659724448569805, 0.6480707031487288, 0.6466389005484369, 0.6521831182968051, 0.6732637869592815, 0.6449424992590025, 0.693565745916719, 0.7183667412261533, 0.7540476768131976, 0.7273896976753432, 0.7348505361054014, 0.7542505734140235, 0.7958590627622046, 0.7973913487238058, 0.7934864285777203, 0.8276122874377773, 0.83255379588492, 0.8632504508310658, 0.8431017952653099, 0.8638549203333507, 0.8758313063251119, 0.8676684765475617, 0.9161264871739444, 0.9286904931986997, 0.9368369630104001, 0.945308257332497], "val_loss": [0.9584629257949586, 1.0416089371112194, 1.0330754871228334, 0.9707926812411034, 1.0185653063844196, 1.0587724326202292, 1.1906594064475837, 1.0031720669974695, 0.9951427941743172, 0.9456166329131792, 0.7448575723476469, 0.9177567757203844, 0.9101046536471639, 1.134079313289345, 0.852192474950459, 0.8852567750496877, 0.8353043332335572, 0.7055811758298836, 0.9204047304310939, 0.8649892216360243, 0.8525725824594067, 0.6662041116633832, 0.8810957576242221, 0.5843046896391392, 0.7668489746861494, 0.9108822972748754, 0.5764565715685638, 0.6025539005091105, 0.6528222793659069, 0.576183046833278, 0.45513773852603967, 0.6007338485010107, 0.4713206490355527, 0.6085837328594365, 0.4529555357602931, 0.6835648690731824, 0.43391956872555987, 0.46371221572637117, 0.5609435584716607, 0.3401788744790534, 0.46968476897061695, 0.5613265203262019, 0.2535373908295915, 0.4164225695266997, 0.40762093248606673, 0.44348840962671054, 0.22528452074892635, 0.20060739991606205, 0.3685206871739346, 0.32969846732331864], "val_acc": [0.2575147855103763, 0.27365875240735826, 0.2561298705975432, 0.29676352928217703, 0.31185339868875633, 0.29489598807145384, 0.38556507206903656, 0.3570721304844965, 0.3203833440635124, 0.3890843633610557, 0.35341261111767014, 0.4195309054592123, 0.44394154083960985, 0.3978285100412854, 0.4646155695916153, 0.4613630196448296, 0.4869067027590183, 0.5324139935612511, 0.48141386672399544, 0.47942873139580583, 0.48862068956021376, 0.5040971200224653, 0.5395236834114544, 0.5653366000608258, 0.5766680709186759, 0.606448150532305, 0.5952880159400106, 0.651769287620842, 0.6134888664314326, 0.7162989525487088, 0.6667292041064194, 0.6355097631034299, 0.6423630209765339, 0.7022292744981117, 0.6943165246034896, 0.735705729108477, 0.7417481491453695, 0.7386314591509059, 0.7286778211110089, 0.7219015220349342, 0.7672167963359485, 0.8195695148501121, 0.813565669466763, 0.7830359999039463, 0.8388688971632905, 0.8584982969020691, 0.8336883585466188, 0.8780811409334677, 0.8884809554309309, 0.8657108910650813], "epochs": [1, 2, 3, 4, 5, 6, 7, 8, 9, 10, 11, 12, 13, 14, 15, 16, 17, 18, 19, 20, 21, 22, 23, 24, 25, 26, 27, 28, 29, 30, 31, 32, 33, 34, 35, 36, 37, 38, 39, 40, 41, 42, 43, 44, 45, 46, 47, 48, 49, 50]}